{
    "train_loss": [
        0.5184961682387761,
        0.36217003529412406,
        0.2617580293204103,
        0.2178784352030073,
        0.18247708100506238,
        0.17290097059522355,
        0.15664306719601154,
        0.1497587739101478,
        0.14595460521749087,
        0.14444720618213927,
        0.14185921812696117,
        0.14047078520485334,
        0.14061993587868554,
        0.14780966775757926,
        0.10266170800370829,
        0.10426263574191502,
        0.11178038230538369,
        0.1033033749865634,
        0.11207486417889595,
        0.10114914007165603,
        0.111636118718556,
        0.11273870337328741,
        0.08165325056974376,
        0.08234360746400697,
        0.08690395581296512,
        0.08859650697452681,
        0.08407111173442432,
        0.08861848432251385,
        0.1012116423781429,
        0.08872777958746467,
        0.09173438254850251,
        0.09686590605974198,
        0.09315803939529828,
        0.07158408402385456,
        0.07037573351391724,
        0.07352282943895885,
        0.07407247270856585,
        0.07295227018424442,
        0.07365224209427834,
        0.07573756612518004,
        0.07656067672744393,
        0.07710437839531473,
        0.06686144137116415,
        0.06514873941295914,
        0.06994696578489883,
        0.06858285869125809,
        0.06667246179974505,
        0.06794555117189884,
        0.0674756756249283,
        0.0696221750575517
    ],
    "train_acc": [
        0.74,
        0.8432142857142857,
        0.8830714285714286,
        0.9062857142857143,
        0.9214285714285714,
        0.9299285714285714,
        0.9362857142857143,
        0.9402142857142857,
        0.9407142857142857,
        0.9423571428571429,
        0.9450714285714286,
        0.9432857142857143,
        0.9445,
        0.9417142857142857,
        0.9620714285714286,
        0.959,
        0.9552857142857143,
        0.9622857142857143,
        0.9567142857142857,
        0.9608571428571429,
        0.9555,
        0.9575,
        0.9682142857142857,
        0.9672857142857143,
        0.9665714285714285,
        0.9657142857142857,
        0.9652142857142857,
        0.9647142857142857,
        0.9616428571428571,
        0.9653571428571428,
        0.9637857142857142,
        0.9604285714285714,
        0.9658571428571429,
        0.9725,
        0.9724285714285714,
        0.9701428571428572,
        0.9704285714285714,
        0.9709285714285715,
        0.971,
        0.9697857142857143,
        0.9704285714285714,
        0.9707142857142858,
        0.9731428571428572,
        0.9752857142857143,
        0.9721428571428572,
        0.9730714285714286,
        0.9740714285714286,
        0.9732142857142857,
        0.9734285714285714,
        0.9735714285714285
    ],
    "val_loss": [
        0.4273888489405314,
        0.28880283721288047,
        0.32760189000765483,
        0.19192822734514872,
        0.16692385709285737,
        0.14612849752108256,
        0.12316745375593503,
        0.12505016980568567,
        0.22504132509231567,
        0.11590968596935272,
        0.15609829847017925,
        0.15102347753445308,
        0.2090584942897161,
        0.12431287004550298,
        0.13502406743168832,
        0.09514892905950546,
        0.1258381151755651,
        0.09794044980406762,
        0.09329428883393606,
        0.11739926528930664,
        0.1219923331340154,
        0.16902392007907233,
        0.09013708245754241,
        0.0800230975151062,
        0.08837417172392209,
        0.11447889324029287,
        0.08428295953571796,
        0.08747987682620684,
        0.09686210097869237,
        0.10122881139318149,
        0.07810075191656748,
        0.115794803271691,
        0.08557920184731484,
        0.0963301324993372,
        0.07923173463841279,
        0.07254629371066888,
        0.18693133007486662,
        0.08943140801290671,
        0.10247684399286906,
        0.07942358872294426,
        0.09011532713969549,
        0.13956231034298738,
        0.07754498260716597,
        0.08661210322380065,
        0.07321635713179907,
        0.07633234134316444,
        0.07163299371798833,
        0.07082578532397747,
        0.07859195564935605,
        0.07724589825669924
    ],
    "val_acc": [
        0.812,
        0.875,
        0.8956666666666667,
        0.9086666666666666,
        0.9283333333333333,
        0.9353333333333333,
        0.9513333333333334,
        0.9543333333333334,
        0.8926666666666667,
        0.954,
        0.9296666666666666,
        0.943,
        0.9013333333333333,
        0.9533333333333334,
        0.9506666666666667,
        0.9626666666666667,
        0.9496666666666667,
        0.9596666666666667,
        0.962,
        0.9506666666666667,
        0.9516666666666667,
        0.9286666666666666,
        0.963,
        0.969,
        0.9676666666666667,
        0.9476666666666667,
        0.9693333333333334,
        0.962,
        0.9633333333333334,
        0.962,
        0.9676666666666667,
        0.9543333333333334,
        0.9683333333333334,
        0.9623333333333334,
        0.969,
        0.9723333333333334,
        0.942,
        0.9656666666666667,
        0.9626666666666667,
        0.967,
        0.9636666666666667,
        0.9506666666666667,
        0.9706666666666667,
        0.9613333333333334,
        0.97,
        0.973,
        0.972,
        0.9723333333333334,
        0.9723333333333334,
        0.9696666666666667
    ]
}